Customer ID,Customer Name,Email,Phone Number,Address Line 1,City,Country,Postcode,Loyalty Card
5842,Amanda Smith,estradadarryl@example.org,907.792.6390x30473,62850 Rebecca Curve,Durhammouth,North Macedonia,48421,True
2729,Chad Jimenez,natalieolson@example.org,864-241-9352,182 Walker Village,East Megan,Luxembourg,25422,False
5985,Aaron Marsh,eallen@example.org,001-581-401-0774x1420,7326 Adams Dam Apt. 294,Seanville,Saint Kitts and Nevis,15887,False
5868,Michael Nelson,kyle07@example.com,+1-828-678-0714,46669 Dominique Locks Suite 025,South Michael,Saint Pierre and Miquelon,08019,True
3369,Mrs. Kimberly Sims,brookskevin@example.org,569-974-2198x4440,7206 Freeman Islands Apt. 998,West Kristinport,Lao People's Democratic Republic,27014,False
9426,Diana Davies,jennyfoster@example.org,3322500832,37084 Michael Mission,Herreraview,Nicaragua,46082,True
9783,Jonathan Bailey,mortonjason@example.com,970-956-4343,11463 Peters Burgs,Angelamouth,Suriname,28820,False
5687,James Powers,mercedes85@example.org,001-788-294-5625x60101,95878 Richard Gateway Suite 472,East Markfurt,Uganda,69671,False
8312,Shaun Jimenez,savagemichelle@example.net,483.327.1676x9693,55684 Eric Crest,Port Stephen,Timor-Leste,45563,False
8976,Patricia Owens,avaughn@example.com,486-544-4419,070 Greene Port,Patrickton,Northern Mariana Islands,90428,False
4494,Mark Deleon MD,ashley73@example.net,001-460-362-3127x46300,311 Ann Drive Suite 746,Valerieshire,Estonia,20063,False
5161,Melvin Lopez,freyes@example.org,(985)562-8905,085 Brittany Crossing,West Amanda,Bolivia,34587,False
5934,Melissa Williams,heather60@example.com,622.690.3929x87946,24138 Thomas Turnpike,Georgefort,Gabon,16638,True
3939,Peter Young,jon38@example.org,+1-959-343-2469x98136,48505 David Mall Apt. 088,Davenportstad,Ecuador,20944,True
7259,Jennifer Taylor,wmarshall@example.org,(970)400-7706,0567 Michael Canyon Suite 256,Angelaburgh,Iraq,91951,False
2021,Mark Marshall,richard43@example.net,604.494.5388x252,16123 Amanda Motorway,Warrenland,Faroe Islands,40035,True
4649,Kendra Richardson,cbryant@example.net,001-393-451-3163x0032,8186 Madison Oval Apt. 326,Lake Joshua,Rwanda,32892,False
5127,Dana King,ashleywhite@example.org,(888)796-5265x00713,860 Hughes Isle Apt. 480,Port Patricia,Bahrain,92815,False
6736,Sheri Peters,melissa20@example.org,9544347026,2420 Stephen Gateway Suite 739,Lake Johnfort,Trinidad and Tobago,65444,True
2565,Zachary Velasquez,yjefferson@example.net,866.965.9303x830,63494 Tonya Place Suite 134,Lewischester,Central African Republic,27371,False
7830,Kim Harrington,jacqueline91@example.org,+1-477-499-2437x49647,1713 Aguilar Brooks,East Aarontown,Congo,78010,True
5577,Anita Hebert,james77@example.org,001-454-965-8152,0597 Moore Spring Apt. 672,Codyshire,French Guiana,75527,False
5083,Claudia Rivera,jamespark@example.net,215-710-3675,92090 Williams Stream Apt. 827,North Arianaview,Libyan Arab Jamahiriya,70069,False
3071,David Douglas,gracerojas@example.net,716.711.7452,7506 Martin Hollow Apt. 929,Cathyburgh,Kiribati,03920,True
2110,Tina Thompson,howardlinda@example.com,001-658-446-7201x90667,8989 Christopher Knolls Suite 774,East Thomasberg,Peru,02204,False
5007,Jeanne Weeks,peggy49@example.org,8668385009,71659 Natasha Course,New Mark,Seychelles,42328,False
9795,Kenneth White,uwhite@example.net,(720)262-1624x704,1464 Angela Ridge Suite 357,North Christina,New Zealand,08614,False
3990,Glenn Thompson,beverlyperez@example.net,001-855-350-9635x382,39218 Jenkins Rapid,Port Crystal,Korea,64524,False
3470,Jacob Payne MD,porterwilliam@example.com,(959)526-5155x16027,11205 Michael View Apt. 950,North Samantha,Guadeloupe,79905,False
4965,Kristin Murphy MD,ywatkins@example.net,4537256360,317 Christine Flat,West Jose,Malta,97022,False
9210,Jessica Park,zacharybarnett@example.com,001-761-346-2404x817,178 Luke Squares Suite 725,Aaronside,Malawi,19267,False
4487,Jerome Daniels,hannah30@example.com,001-567-535-3550x51189,74331 Tracy Drive,Lindaberg,Comoros,55334,False
5004,Tracy Jones,xscott@example.org,001-408-902-8338x42353,2243 Jones Islands Apt. 912,Dunnton,Saudi Arabia,78483,False
9905,Gary White,robinsonlisa@example.org,001-929-610-7916x34729,5536 Anthony Burg Apt. 808,Meyersburgh,Kenya,26346,False
7503,Marcus Bradshaw,arthurhicks@example.org,(682)972-0593x7172,838 Cox Prairie Apt. 937,West Angelaville,Gibraltar,38881,False
3386,Tom Patterson,timothy76@example.com,7432982289,555 Megan Ford Apt. 827,Lake Jonathon,Uganda,93691,False
4485,Jeanette George,sarahsanders@example.org,571.513.6523,36763 Delgado Hills Apt. 087,West Calvinbury,Andorra,94071,False
4672,Leah Cunningham,andrea72@example.com,(695)987-7359,25127 Marshall Motorway,Guerrerobury,Maldives,79317,True
8691,Kimberly Gutierrez,sue35@example.org,559.606.1663,2614 Davis Springs Apt. 036,Vincentton,Japan,34729,False
6057,Jeffrey Stewart,carlos77@example.com,(212)995-4322,9833 Weber Bypass,Samuelview,Norfolk Island,40817,False
3984,Erin Walker,ritadaniel@example.net,+1-992-613-6442x61166,31024 Burton Overpass,Jamesshire,Saint Martin,68412,True
8738,Jason Parker,holly90@example.net,468.205.7820x98629,3485 David View Suite 153,Port Jonathan,Saint Lucia,62145,True
2123,Lindsey Sanchez,lauradecker@example.com,001-272-932-5388x8080,53828 Susan Burgs Apt. 888,South William,Guinea,58255,False
1225,Jennifer Moore,claytondaniel@example.com,622.430.8571,91191 Jorge Hill Apt. 480,North Chad,Iceland,85166,False
5485,Tamara Davenport,brookeperry@example.net,001-567-711-7574,255 Rachel Turnpike,West Mikaylaview,Albania,63218,False
9790,Melissa Salas,edwardfrederick@example.com,001-531-975-1669x715,756 Amy Cliff,Salasside,El Salvador,76332,True
6572,Christina Huffman,jallen@example.com,(300)914-5064x55177,27605 Knox Cliffs Suite 790,Denisehaven,Italy,66428,True
1129,Emily Hebert,myersmitchell@example.net,333-688-7109x046,32488 Daniels Drives,Warrenside,Cameroon,33688,False
2045,Riley Black,npayne@example.org,781.934.4529,46123 Bobby Via Suite 748,West Michael,Singapore,21290,False
2742,Christopher Ruiz,erodriguez@example.org,001-862-787-3670x573,91948 Harper Parkway,Lake Jacquelineton,Serbia,05556,False
1369,Jeremy Nguyen,wheelereric@example.net,3766470738,42725 John Underpass Apt. 528,East Lukechester,Tokelau,41496,False
4895,Steven Frederick,jessica26@example.com,001-998-207-7869x3032,4438 Daniel River,Donnahaven,El Salvador,17180,False
8832,Daniel Hernandez,shannon41@example.org,6832049297,5596 Mary Neck Apt. 170,Jefferymouth,Honduras,34144,False
2378,Steven Jones,huntchloe@example.org,579.375.2803,29115 Crystal Circles Apt. 586,Bryanport,Jordan,17465,True
3551,Kevin Higgins,brittany15@example.net,(355)869-7972x910,040 Heather Ridge Apt. 075,Port James,Honduras,72137,False
9427,Felicia Rubio,boltonjennifer@example.net,433.945.7521x4784,146 Zachary Avenue Suite 304,Lake Jonathan,Estonia,20408,True
4618,Emily Frederick,john04@example.net,(956)339-5370x369,7356 Douglas Crossroad Suite 815,West Katie,Serbia,63765,False
8869,Mr. Anthony Heath,steve90@example.org,(729)593-1470,865 Shelia Mill,Tamaraberg,Israel,98292,True
2186,Jonathan Stuart,wolfjose@example.com,+1-482-683-4923,1818 Jennifer Heights,West Patrickview,Sierra Leone,59552,False
2599,Douglas Thomas,juanperez@example.org,286-658-8586,87129 Davidson Springs Suite 636,Jenniferhaven,Denmark,25465,False
7400,Alan Brooks,tracypatel@example.com,8098916995,367 Good Court,Popechester,Cote d'Ivoire,30235,False
5131,Stephanie Wallace,douglascharles@example.net,986-979-3311x01104,928 Chambers Square Apt. 821,North Stevenborough,Indonesia,59748,False
2078,Nicole Griffin,brookehall@example.net,7534836334,77517 Patricia Manors Apt. 906,Douglaston,New Zealand,99344,True
1695,Rhonda Blackwell,marywalter@example.net,331.381.4715,844 Palmer Spurs Suite 558,Port Kaitlin,French Guiana,49940,False
2265,Alicia Rodriguez,tshort@example.net,+1-782-434-9541x42635,4106 Justin Vista,Davidburgh,Bangladesh,13879,False
6722,Jacqueline Vazquez,brianolson@example.org,(693)444-7561x7756,4690 Kendra Mountain Suite 923,East Henry,Mali,83178,False
7482,Russell Simpson,mcdowelljamie@example.com,864-207-1749x8109,072 Hall Trace,Johnburgh,Denmark,57800,False
1980,Sarah Booth,mthomas@example.com,001-201-668-1015,230 Joseph Wall,Jonburgh,United Arab Emirates,65197,False
4213,Robert Koch,paynejaime@example.org,256-623-0305x06987,2322 Gibbs Extensions Suite 125,West Charles,Kazakhstan,60693,False
1182,Lisa Wilson,carlmiddleton@example.net,+1-287-935-8545x886,2918 Bobby Tunnel Suite 751,Charleneport,Japan,22119,False
4874,Elizabeth Parker,thompsonjake@example.net,527-481-3416,2348 White Views Apt. 683,Port Nicolehaven,Kyrgyz Republic,98802,False
5366,Cristian Bell,kclark@example.net,(581)303-1844,5497 Nathan Mill,Collinsmouth,Tunisia,10258,False
6170,Caitlyn Harvey,jessicacarter@example.net,+1-332-304-4442x490,48453 Lambert Gardens,East Thomasfurt,South Africa,74453,False
1018,Daniel Jones,turnerjacqueline@example.net,(949)249-5444x12548,6545 Blake Ports,West Cristina,Zimbabwe,87904,False
1368,Debra Miller,tiffany75@example.net,+1-765-349-0739,58335 Lewis Causeway Suite 861,Castromouth,Swaziland,44077,True
1003,Jason Manning,sdalton@example.net,+1-498-218-3833x539,9035 Knight Pike Suite 188,Lake Dennis,Djibouti,42020,False
1418,Sandy Powers,alyssa20@example.org,(785)428-2590x43931,9901 Matthew Mills Suite 103,Port Markbury,Norfolk Island,46567,False
9350,Steven Mack,jason01@example.com,577-520-5552,721 Aaron Ranch,New Jacob,Mali,22951,False
4401,Pamela Smith DVM,sanderstaylor@example.net,+1-697-734-1666x311,3326 Reilly Plaza Apt. 475,Fieldsfort,Nicaragua,52382,False
6539,Kevin Hicks,leearthur@example.net,812.245.8366x4671,42208 Hunt Vista Apt. 371,Dawnview,Qatar,23978,False
7849,Mackenzie Olson,manntim@example.com,831.276.9516,45358 Zachary Mall,Jennaton,Congo,02621,False
2487,Kaylee Cunningham,william25@example.org,(562)678-2447,45245 Christopher Drives,East Staceyburgh,Angola,40406,True
7189,Philip Peters,myoung@example.net,+1-568-868-0012x199,002 Mueller Circles Apt. 495,West Lauramouth,Liberia,31740,False
1976,Kyle Wolf,gvasquez@example.net,+1-635-618-1377,893 Jessica View Suite 793,West Shelleyhaven,Antigua and Barbuda,51121,True
5776,Linda Parker,powelljennifer@example.com,9562119733,3741 Mcintosh Plains,Williamsville,Netherlands,64846,False
6127,Sheri Hurley,teresapowell@example.net,323-404-8321,50014 Osborne Views,Baldwinmouth,Kuwait,81400,False
7736,Jennifer Lewis,lacevedo@example.com,9492658031,86984 Kristin Underpass Apt. 430,Lake Nataliefurt,Croatia,71048,True
2243,Jamie Bradshaw,johnsonkevin@example.com,(738)621-7960x10034,015 White Cliff Suite 090,Prattburgh,Ghana,31817,False
9555,Ashley Diaz,valeriejohnson@example.com,881.378.7542x20442,2155 Mitchell Camp,Port Micheleberg,Slovakia (Slovak Republic),69456,True
4417,Tracey Smith,colemoore@example.com,(999)371-3141x526,129 Judith Mountain,Floreshaven,Kazakhstan,01686,False
2771,Teresa Bauer,juanritter@example.com,001-322-892-5274x52502,417 Tamara Skyway Apt. 339,Lake Joshuaborough,Oman,40281,False
7237,Jacqueline Mejia,snowmichael@example.org,001-890-395-8590,85667 Williams Rue Apt. 017,Lake Samantha,Lesotho,98908,False
2456,Kimberly Rivas,riggsdominique@example.net,001-686-754-4469x635,0019 Jordan Harbor Apt. 788,North Georgeland,Gabon,56925,False
5344,Joshua Atkins,tiffany65@example.org,7203727532,531 Laura Mountain Apt. 830,Sarafurt,Austria,31333,False
9756,Sara Gregory,brendaparker@example.com,559.245.6640x83492,751 Hood Forge,Schmidtbury,Benin,44425,True
8727,Jaime Daniel,bryanjeffery@example.org,381.842.4455x23941,809 Sims Plaza,East Dalton,Kuwait,84780,False
9679,Nathan Keller,herrerasteven@example.com,001-603-491-6884,0805 Jenna Summit Apt. 770,Contrerasland,Belize,44135,True
3198,Danielle Atkins,jacobsjeanette@example.org,771-447-4448x042,1531 Jennifer Station,Reginaldland,Cook Islands,09438,True
7881,Lisa Young,amy49@example.net,655.678.8031x0006,5613 Daniel Light Suite 433,Sanchezview,Chile,44967,True
2304,Jennifer Coffey,hvillarreal@example.org,+1-860-872-6824x84266,3805 Garza Via,Lake Kaylaview,Turkmenistan,49074,False
2501,Bonnie Morgan,sullivanjohn@example.org,9664731089,14333 Thompson Passage Suite 806,West Andreastad,Guinea-Bissau,07736,False
3900,Mr. Derrick Villarreal,sarahtaylor@example.net,(514)550-1471x7807,031 Castro Union,East Christopherport,Bermuda,47839,False
1471,Sarah Moreno,westshannon@example.org,(756)872-5590x7753,824 Mark Mountain,New Jennifer,Greece,15094,False
6615,John Stevens,wedwards@example.org,574-704-5192,1016 Alexander Village,South Kathleenstad,Nepal,35632,True
5437,Joseph Patterson,dicksonjennifer@example.org,(936)745-7279x12692,1729 Andrew Alley,Stanleyton,Syrian Arab Republic,37282,True
8811,Ashley Webb,ruiznathan@example.org,+1-940-765-4950x721,3980 Randy Dale Apt. 939,Campbellberg,Canada,23440,True
5478,Cynthia Hays,richard04@example.org,854-814-5552x370,03758 Schmitt Field,North Stevenville,Solomon Islands,32797,False
2712,Joshua Smith,gibbsjenna@example.org,(249)373-7424,3586 Shields Hills,East Nicole,Martinique,34546,True
3259,Lisa Thomas,dkerr@example.com,3738928220,23700 Sanders View Apt. 943,West Darrell,Cape Verde,03420,False
8325,Brian Santana,alyons@example.net,574.343.8546,492 Kelly Loaf,Davisbury,Barbados,94748,True
2995,Brittany Coleman,thomas30@example.com,503.523.6345,0006 Kevin Harbor,Spearsmouth,Cuba,74024,False
5477,Sharon Pratt,kelsey92@example.net,257.668.7759x94234,60284 Johnson Divide,West Aliciahaven,Kiribati,62020,True
1011,Travis Carey,tannervargas@example.org,+1-397-829-8930,8332 Hall Underpass,East Jamesmouth,Jersey,11304,False
9230,Russell Mills,xlindsey@example.org,001-642-783-4337x93668,2298 Wilson Stream Suite 055,Ashleyland,Ireland,47921,False
8624,Connor Davis,kevin92@example.org,449.686.7595x28087,29606 Anderson Plains Suite 030,Port Kenneth,Burkina Faso,29618,False
2089,Ryan Marquez,kingfelicia@example.org,551.697.0563x73054,497 Wilson Squares Suite 529,West Dannymouth,Senegal,81032,False
7244,Brian Schwartz,bwilliams@example.net,318-442-9946x516,666 Bailey Lane Apt. 304,Cainland,Mexico,08425,False
2028,Tammy Adams,kimburke@example.org,+1-229-834-3312x4196,12570 Antonio Hill Suite 977,Lake Brandyville,Sweden,23923,True
6317,John Torres,hollowayzachary@example.net,(512)830-0886x2218,77050 Hector Manor Suite 352,East Richard,Belize,07531,False
2709,Megan Lamb,baileywolf@example.com,375-688-9735,1721 Diaz Bypass Suite 364,Brianmouth,Lao People's Democratic Republic,26681,False
4582,Diane Horn,joshuaproctor@example.net,(607)320-7967x90366,457 Melissa Mission,North Laurenmouth,Burundi,90024,False
7054,Mr. Erik Morgan DDS,corey44@example.org,(401)600-0716x564,2142 Jacob Summit Apt. 225,North Christopherview,Guatemala,92457,False
5216,Cynthia Duncan,erinpeck@example.net,(891)360-9443x9325,577 Mcdowell Points Apt. 194,Romerostad,Turks and Caicos Islands,37461,True
2615,Michelle Johnson,elizabethlee@example.org,001-450-917-1556,0387 Justin Corners,Smithborough,Bulgaria,22848,False
2716,Jessica Melton,jennifer97@example.net,4275502931,60420 Jasmine Landing Apt. 661,Christopherborough,Liberia,45434,False
1792,Valerie Solis,fjohnson@example.net,365.954.8640x76583,5744 Carolyn Forges Apt. 629,Johnville,Liechtenstein,66073,True
7339,Eric Jensen,lisarogers@example.com,+1-539-262-6857x1577,1992 Danny Mall Suite 423,East Kaitlynberg,China,06057,False
2079,Tammy Fitzpatrick,mariadean@example.com,8163745204,54648 Brian Plaza,East Rachel,French Polynesia,12339,False
5627,Paul Valenzuela,hardingwilliam@example.com,001-982-409-9074x772,037 Thomas River Apt. 034,Conleyside,Estonia,61948,True
9945,Melissa Moore,ronald99@example.net,(686)931-4957x6103,45873 Martinez Point Suite 350,Cindyberg,Anguilla,06052,True
3413,Andrew Herrera,barajasbrian@example.com,801.297.4971x2698,20303 Mcguire Highway,Williamsview,Ireland,62998,False
6081,Andrew Salazar,antonio81@example.com,001-253-824-9361,43356 Thomas Stream,Lake Kevinberg,Antigua and Barbuda,15046,False
3184,Amy Hensley,kirkkent@example.com,799.423.2823,108 Roberson Park Suite 545,Catherinehaven,Reunion,53601,False
6336,Thomas Schneider,drivera@example.net,001-591-715-2707x527,11914 Cox Circle Apt. 633,Lake Angela,Czech Republic,59856,True
5453,Charles Clark,james85@example.com,(725)953-6899x45572,370 Francisco Groves,Russellshire,Seychelles,70228,False
4590,Donald Rojas,dennismaldonado@example.org,347-920-9040,963 Phillips Burg Apt. 953,Ortizside,French Southern Territories,76852,False
8952,Jamie Smith,kwest@example.org,504.378.4017x04819,06616 Clinton Isle Apt. 416,New Matthew,Uzbekistan,99448,False
1400,Mackenzie Anderson,caseymichael@example.com,001-679-232-9070x310,790 Bautista Stravenue Suite 898,East Nicole,South Africa,37041,False
3789,Michele Johns,xgarcia@example.com,(514)442-7953x700,9613 Lawrence Islands,Markborough,Antigua and Barbuda,71868,False
6359,Darlene Bryant,medinajody@example.org,837.601.7872,339 Ashley Springs Suite 704,Reidtown,Congo,95139,False
4696,Deborah Barber,hosean@example.org,(559)482-8703x568,5773 Melissa Lock Suite 668,Charlesstad,Bouvet Island (Bouvetoya),78872,False
6117,Amanda Reyes,mlewis@example.org,001-338-887-2130x2271,7321 Jamie Islands,North Jonathantown,Tajikistan,12237,False
2603,Debbie Yates,ericmartin@example.net,+1-887-488-2843,0587 Travis Underpass Apt. 835,South Jeffrey,Gabon,11119,False
2217,Anthony Smith DVM,rebeccaolson@example.org,8492957519,058 Debra Fords,Andrewton,Gibraltar,81942,False
9817,Danielle Tucker,susan18@example.com,8608513463,9174 Torres Circle Apt. 039,Port Jenniferton,Guatemala,13129,False
1004,Joshua Johnson,craig11@example.org,(967)349-1423x32388,56854 Barnes Viaduct Apt. 595,West Melissaland,Wallis and Futuna,89910,False
6587,Jaime Le,brandongeorge@example.com,(875)886-5914,88167 Robert Rapid,Chandlerhaven,Malta,76017,False
4357,Grant Russell,thomasmckenzie@example.com,(253)553-2637x625,821 Kaitlyn Pass,Dianetown,Tuvalu,01098,False
3772,Nicholas Henson,crawfordmegan@example.net,263-498-8874x056,96049 James Ridges Suite 971,Davisberg,Fiji,84616,False
4292,Rachel Brown,gayjohn@example.org,+1-776-589-4820x6091,387 Osborne Glen,Nealmouth,Puerto Rico,46248,False
8417,Dr. Cynthia Shaw,josephtimothy@example.net,490.765.9377,29622 Vanessa Causeway,Lake Todd,Slovakia (Slovak Republic),28347,True
2672,Shawn Wolf,alexandra84@example.com,001-895-454-4891x27508,392 Mitchell Glens,Lake Jeffreyhaven,Slovenia,49629,False
3190,Aaron Gilmore,joshuadelacruz@example.org,(216)205-4927,60229 Knight Crescent Apt. 924,Frankside,Zimbabwe,29807,False
3645,Daniel Bailey,gibsonrebecca@example.org,(295)278-0652x38792,202 Rachel Point,Meredithside,Luxembourg,36009,True
7505,Tyler Fuentes,daniellepowers@example.com,001-583-525-8752,671 Amy Groves Suite 485,Amberport,American Samoa,88725,False
9518,Brittany Cochran,annafarmer@example.net,001-542-425-7928,99551 Alexander Flats,Nicholsstad,Bosnia and Herzegovina,93334,False
8492,Roger Craig,mary58@example.net,+1-321-563-8529x8060,502 Petersen Shore Suite 007,Jimmybury,Qatar,20499,False
2644,Michael Hale,halljustin@example.net,(353)746-2780x531,3227 Meredith Green,Port Davidville,Nauru,33014,True
2275,Sarah Hardin,ezuniga@example.com,987.620.0258,57971 Denise Flat,Gabrielside,Brazil,59198,False
3891,Travis Solis,patricia58@example.net,+1-461-484-9287x79593,54061 Jones Camp,West Anthony,Canada,29775,True
6097,Anthony Mercado,orozcoryan@example.org,+1-934-873-9524x21667,969 Chavez Mission Apt. 881,Port Sherrytown,Colombia,85975,False
6580,Thomas Cox,nicolasmason@example.com,(438)786-0625,6502 Farrell Views,South Leslie,Rwanda,72444,False
7078,Paul Mitchell,michaelandrews@example.org,540.381.9045x889,295 Dixon Place,New John,Slovenia,84843,False
6174,Melissa Bridges,michaelsanchez@example.net,809.814.5820x08714,3923 Justin Prairie,Matthewland,Uzbekistan,75557,False
6410,Savannah Hernandez,rmorrison@example.net,+1-971-257-0493x7318,02748 Villanueva Canyon Apt. 930,West Troy,Philippines,54117,True
6698,Anne Sweeney,taylorlaura@example.org,644-393-1373x106,7723 Cowan Track Suite 758,Leeland,Taiwan,50707,False
1167,Kimberly Nguyen,novakbrett@example.com,(920)804-1455x631,478 Johnson Park,Kevinberg,Andorra,77625,False
9568,Trevor Obrien,justinbeck@example.com,601-462-6328,6935 Kenneth Valleys Apt. 614,North Ian,Romania,59549,False
4592,Paul Calderon,katrinareed@example.org,886-707-5424,289 Guzman Forest,Jessicastad,Sweden,83552,False
7103,Christopher Ward,qmurphy@example.org,(291)938-9389,464 Derrick Tunnel Apt. 289,Port Wesley,Somalia,60939,False
2948,Jill Jimenez,kevinmurphy@example.com,658-336-9967x1114,325 Lopez Forks Apt. 138,Taylorfort,Bosnia and Herzegovina,71533,False
9399,Randy Cooper,colesteven@example.net,(503)834-0251,95760 Joshua Grove Apt. 997,Banksshire,Benin,52417,True
4768,Susan Dominguez,jhall@example.org,8097617154,7789 Breanna Pass,Fergusonhaven,Switzerland,46504,True
5111,Carmen Torres,cbrown@example.org,648-357-2570x8949,834 Cummings Stream,East Johnton,Pakistan,22222,True
4803,Mrs. Teresa Kelley,hphelps@example.net,(366)636-6822x231,7934 Smith Well Apt. 290,Penningtonmouth,Azerbaijan,74686,True
1666,William Aguilar,renee02@example.org,001-838-265-0417x5866,58783 Davidson Common,South Rachelland,Haiti,50775,False
5819,Samantha Hammond,sharon67@example.com,7842049133,65036 Kennedy Creek Apt. 299,Lake Anthonyshire,Bermuda,55782,False
4375,Susan Williams,christinaadams@example.org,(945)502-8989x8533,5138 Lindsey Manor Apt. 868,Martinezborough,United Arab Emirates,77747,True
7671,Kyle Harding,robert19@example.net,001-262-298-8752x138,03087 Richardson Point,North Rachael,Turkmenistan,69935,True
4146,Rachel Ortiz,weaverkaren@example.net,5188066779,1734 Garcia Parkway Suite 118,Reedport,Lao People's Democratic Republic,33675,False
7838,Robert Hammond,owalsh@example.net,+1-894-678-7562x234,61936 James Fall Apt. 538,South Derek,Saint Barthelemy,09865,True
6814,David Decker,james31@example.org,2957518187,7280 Theresa Ridge,Dominiqueborough,Oman,62996,False
7139,Lauren Thompson,samuel91@example.com,(994)905-5238x7031,33034 Rachel Rapids,South Matthewmouth,Seychelles,56336,False
3213,Laura Gibson,hsanders@example.org,653.402.4621x029,6296 Cooper Light Suite 080,Khanchester,American Samoa,48119,True
9538,Eric Shaw,brooketurner@example.net,821-459-1318x027,556 Lauren Green Suite 086,Anthonymouth,Palau,22562,False
7802,Evan Perez,wpowell@example.org,217.640.1952x77112,1240 Tammy Mountains Apt. 573,Marystad,Saudi Arabia,41942,False
6657,Adam Scott,aaron96@example.com,+1-301-874-3480x605,857 Melanie Corner Suite 827,East Katie,Holy See (Vatican City State),57637,False
5824,Dawn Ramsey,keithgary@example.net,+1-349-672-3810x9405,083 Lynn Spur,Lake Christopher,Zimbabwe,90577,True
3615,Thomas Marshall,robertmcconnell@example.com,5863811281,34755 Walker Street Apt. 638,Warrenburgh,Slovakia (Slovak Republic),38696,True
3798,Jose Elliott,kristinewilliams@example.com,+1-289-518-0670,660 Jeffrey Road,Nelsonland,Malaysia,66444,False
6345,Matthew Ross,hogandonna@example.net,+1-682-510-9191x042,5492 Holder Estate Apt. 080,South Brittany,Lebanon,30484,False
4872,Ian Foster,justinlogan@example.com,001-215-242-7368x92330,688 Griffin Plain Suite 524,Vargasfurt,Denmark,81743,False
2544,Mike Chavez,daniel63@example.com,376-844-2907x475,599 Roberts Falls Suite 357,Weberland,Montenegro,41243,False
3878,Hector Robinson DDS,asmith@example.net,469-509-7204x81467,1804 Hall Summit Suite 044,South Richard,Germany,32822,False
7991,Jeremy Marshall,coreybray@example.org,001-608-990-0720x23957,5370 Stein Crest Suite 721,East Shannonville,Azerbaijan,55475,False
6810,Jonathan Jones,shannonblake@example.org,356.397.1528x640,444 Perez Drive,Lake Emmaberg,Lao People's Democratic Republic,10573,False
6243,Heather Jones,mrice@example.net,001-694-461-5065x497,197 Edwin Road,East Dennis,Myanmar,09314,False
3028,Tonya Wilson,kevin18@example.com,337-263-7609,3699 Elizabeth Harbors Apt. 945,East Cindychester,Monaco,94777,True
7214,Virginia Miller,gjennings@example.com,(547)492-9339,79810 Miller Spurs,Gonzalezmouth,Ethiopia,69676,False
4990,Tamara Garcia MD,diana92@example.org,847-616-3459,34991 Timothy Plains,North Karen,Uzbekistan,98865,False
3708,Jasmine Jennings,kevincollins@example.net,603.377.8608x074,9864 Kimberly Ports Apt. 651,Port Victoriamouth,Russian Federation,58414,True
9749,Ryan Jones,ryanperez@example.net,+1-871-990-8638x2732,7973 Patterson Mountain,Port Tylerton,Central African Republic,24290,False
1548,Erin Kim,smithtravis@example.org,369.711.1787x731,56957 Kristin Rapid Apt. 943,Kyleside,France,65053,False
7399,Vincent Dean,chencarolyn@example.org,001-744-233-6317x6944,427 Copeland Ports Suite 032,Rodriguezburgh,French Guiana,65757,False
8140,Jennifer Sanchez,gregory65@example.net,500.256.8963x174,472 Brewer Summit,North Ericaton,Serbia,80101,False
5070,Cody Bailey,gary58@example.net,491-985-8606x765,0191 Jason Station Suite 398,East Jeff,Mozambique,37660,True
6431,Cynthia Cochran,millsashley@example.net,(823)735-7921x796,61631 Austin Lane,Port Elizabeth,Argentina,30475,True
3506,Michael Knapp,cruzcameron@example.com,(551)224-1531,470 Tina Port,Garnerport,Congo,34660,False
9680,Denise Thomas,myersrebecca@example.org,001-789-961-5582x009,7852 Nicholas Circle,Parrishside,Maldives,02991,False
3024,Brenda Farley,jeffrey47@example.net,001-869-823-5541x79153,406 Adrian Expressway Apt. 320,Davisburgh,Slovenia,52833,False
6468,Mark Howard,mikeknight@example.net,960-269-9075x21463,4764 Schwartz Villages Suite 108,Samuelview,Brunei Darussalam,94320,False
2433,Keith Moyer,amanda32@example.org,(607)759-1477x94218,0832 Peterson Ways Apt. 020,North Leahberg,Costa Rica,59716,False
9510,Ashley Johnson,cathymathis@example.org,873-897-0373,726 Barbara Course Apt. 827,Port Davidport,French Southern Territories,51537,True
7566,Amber Robinson,torresmitchell@example.net,827.913.7404,926 Obrien Orchard,Latoyashire,Tunisia,98691,False
5644,George Potter,joseph50@example.com,001-632-976-7076x95727,234 Timothy Mountains Suite 581,North Lorichester,Iraq,56085,False
4489,Tonya Wagner,ortegaelizabeth@example.com,(622)960-1809x650,9253 Michael Freeway Suite 323,Lake James,Lebanon,44332,False
8607,Theresa Hernandez DDS,powens@example.com,+1-408-878-8407x9674,892 Raven Fort,South Jean,Wallis and Futuna,32360,False
1193,James Flores,kterrell@example.org,257-445-4295x1064,08046 Keith Flats,Joanneside,British Virgin Islands,31506,True
7731,Marc Jackson,fvasquez@example.com,8024631010,6932 Brown Canyon Apt. 161,Schultzside,Zimbabwe,58700,True
1517,Timothy Cuevas,kentjensen@example.com,+1-465-473-6859x4348,97729 Hall Land,North William,Cayman Islands,62902,False
7321,Molly Rogers,marksryan@example.net,+1-860-809-5683x4247,5998 Kimberly Well,North Debbie,Papua New Guinea,32252,False
5876,Shannon Wilson,grimesmichelle@example.net,(470)607-5413,6292 Gomez Meadow,Newmanshire,Greece,45273,False
8506,Darren Graham,yatestabitha@example.com,(219)711-8822,522 Brown Gateway Apt. 920,New Chelseaborough,Eritrea,74913,False
8429,Charles Jackson,russell59@example.org,542-596-8962,45436 Kellie Courts,Davisburgh,Mali,47774,False
7310,John Chavez,kcooper@example.net,+1-463-452-8443x0790,7485 Brittany Ridges,South Brenda,Grenada,05766,False
1836,Donald Chavez,lauramaldonado@example.net,712-485-5340,67212 Larry Squares Suite 147,Port Brandy,Senegal,37887,False
3219,Mark Cook,joshuasnow@example.org,322-597-0817,95202 Juan Orchard Apt. 779,Brandonstad,Liechtenstein,97821,False
7853,Thomas Medina,edavis@example.net,732-334-2788,6380 Paul Garden Suite 444,Evansville,Lebanon,56331,True
1833,Nathan Skinner,joseph99@example.org,346.567.0623x412,738 Tanner Wall Apt. 808,East Sarahstad,Venezuela,61655,False
9228,Jennifer Grant,xmartinez@example.net,729-875-9062x69301,348 Angela Fields,East Kelly,Holy See (Vatican City State),66876,False
3394,Christopher Wilson,ievans@example.net,(779)592-3533x29731,3864 Nelson Place Apt. 513,Judithville,Marshall Islands,24714,True
7776,Travis Yang,krista52@example.net,261-528-3124x598,618 Kimberly Bypass Suite 791,Evanmouth,Slovenia,82637,False
6238,William Perez,kevin05@example.com,566.246.0772x8501,8203 Lee Lodge,East Debbie,Antigua and Barbuda,43562,False
6369,Michael Mahoney,keith54@example.net,+1-777-795-9211x78067,19050 Romero Viaduct,Suarezville,Denmark,03812,False
4123,Veronica Dunn,annorozco@example.org,887.409.6552x72294,50158 Joshua Forges Suite 865,North James,Palestinian Territory,87125,True
4754,Sara Price,john52@example.com,001-451-344-1226,10705 Mallory Avenue Suite 834,Zimmermanberg,Turks and Caicos Islands,85048,True
8232,Ricardo Watson,michele49@example.net,+1-915-461-6431x810,10923 Kelly Plaza,Sweeneyhaven,Svalbard & Jan Mayen Islands,85664,False
2759,Steven Wilson,mccartyroy@example.com,+1-903-733-3270x09801,100 Todd Walks Apt. 823,Paulport,Falkland Islands (Malvinas),89482,False
9996,Kristen Collins,yrichards@example.org,882-812-2651,335 Nicole Way Suite 205,Reedside,Uruguay,96153,False
5332,Linda Anderson,john75@example.com,+1-762-379-8576x06537,94683 Margaret Shoal Suite 740,Megantown,Angola,23701,True
2800,John Wallace,laurenjohnson@example.com,750.534.4140x237,7730 Kerr Shoals Apt. 577,New Shannon,Palestinian Territory,04855,True
7388,Kevin Craig,julie57@example.com,(303)676-9063x68641,50623 Stephanie Tunnel,South Frank,Bermuda,69806,False
9451,Justin Clay,wlittle@example.org,5679499369,8217 Aaron Harbors Apt. 773,North Jonathan,Armenia,03792,True
5757,Robert Lee,wrightmario@example.com,205.281.2683x1172,603 Peters Tunnel,Port Karenfort,Ukraine,04762,True
9084,Shawna Dixon,simpsonscott@example.com,5239272147,75005 Bowers Lodge Suite 043,New Raymond,Hungary,74106,False
8595,Ana Odom,pbrown@example.com,001-694-625-9851x413,3247 Lewis Extension Suite 376,Lake Ronald,Italy,88803,False
8365,Jasmine Floyd,taylorday@example.org,+1-797-553-6946x49696,76574 Stanley Port,West Lisa,Reunion,94686,False
8938,Brenda Casey,lauramiller@example.com,3034598178,2559 Angela Mews,East Eric,Micronesia,99848,False
7637,Melissa Hughes,christopher70@example.com,621.476.8665x4954,3861 Gary Way Suite 658,West Christopherville,Jamaica,47208,False
1447,David Mitchell,brandonhughes@example.org,(635)522-0944,4722 Smith Inlet Suite 798,East Joseph,Paraguay,05256,False
9138,Alexis Horton,jennifersoto@example.org,693-994-6600x36420,7505 Matthew Glens,Lake Jesus,Nepal,05514,False
7630,Diane Rodriguez,bscott@example.net,444-319-0170x96587,403 Nicole Street,New Brandonchester,Cook Islands,23580,False
6450,Laura Morales,tanyagonzalez@example.com,001-469-541-1994x8857,0982 Mcmillan Landing Suite 368,North Baileyville,Venezuela,49219,False
5566,Derrick Barrera,marybarrera@example.com,714.333.9863,77078 Eric Place Apt. 849,Whiteshire,Austria,49568,True
1335,Larry Mcguire,kimberly16@example.org,829-681-6401x62151,377 Brian Mills Suite 432,Lake Janetchester,Pitcairn Islands,14526,False
1298,Sherry Edwards,renee87@example.com,001-757-481-1389x11851,3802 Long Green,Port Derrickside,Barbados,30501,False
5476,Kevin Boyle,whitelaura@example.com,(382)675-1606x89226,0935 Peter Oval,East Cassandrashire,Guernsey,50652,False
8737,Alyssa Jones,erik95@example.org,001-244-346-4330x83345,23029 Carrie Islands Apt. 702,West Jenny,Iraq,48312,False
9072,William Thomas,kirstenneal@example.net,(234)718-1379x0200,70822 Daniel Park Apt. 339,Mcintoshland,Togo,69987,False
5659,Katherine Price,sarah36@example.net,001-567-592-9868x5262,277 Marshall Hills Apt. 967,Andersonview,Taiwan,15264,False
3077,Eric Lowe,ferrellsierra@example.org,386.589.0407x69089,5894 Mary Inlet,Sarahburgh,Guinea-Bissau,87581,True
6329,Ashley Hart,xreynolds@example.com,8418799236,2623 Mitchell Garden Suite 083,South Josephton,Norfolk Island,92001,False
8648,Derek Johnson,imoss@example.org,001-860-429-4666x2976,16952 Maxwell Garden Apt. 065,Kevinfort,South Georgia and the South Sandwich Islands,44690,True
9146,Joseph Suarez,kaylee38@example.net,+1-870-495-5957x425,3807 Michael Field Suite 848,Kramerchester,Jersey,10713,True
9705,Debbie Munoz,jacksoncharles@example.net,(268)931-4410,35508 Jeremy Wall,Johnberg,Algeria,59532,False
2439,Gregory Stevens,flarson@example.net,(690)384-0259,649 Charles Mountain Suite 591,Tonyberg,Burkina Faso,45733,False
9771,Patricia Griffith,brenda84@example.net,(672)604-5980,10775 Morrison Lock,Blairfort,China,55515,False
6192,Ashley Hampton,ochoamichael@example.com,(257)273-2000,6578 Anne Spring Suite 818,Rachelhaven,Ethiopia,27589,False
9858,Thomas Chavez,wilsonroberto@example.com,001-578-389-6850x80095,88448 Cox Prairie,Port Erin,Jamaica,10087,False
3305,Keith Mitchell,susansimmons@example.net,+1-298-453-4795x311,083 Kristin Course,Michaelland,Algeria,53656,True
5439,Steven Drake,shannon49@example.com,+1-952-394-4359x37136,8939 Hubbard Ramp Suite 497,Lewisville,American Samoa,94186,False
9582,Mary Howard,andrea07@example.org,001-819-363-9614,52890 Rasmussen Throughway,Petersonport,Saint Barthelemy,60294,True
9537,Nathan Gomez,jadkins@example.net,001-334-800-6548,21713 Ward Streets Apt. 415,Russellberg,Dominica,83252,False
5773,Alan Kirk,kathylandry@example.org,674.447.7497x31987,03349 Clark Garden Apt. 052,East Matthewberg,Bulgaria,83913,False
5541,Evan Johnson,nmann@example.org,+1-218-245-2775,543 Stewart Landing Apt. 101,Lake Joseph,Zambia,89287,False
6252,Colin Garner,obradley@example.com,(248)956-9898,19777 Parker Brook,North Michaelfort,Sweden,58373,False
3239,Robert Wright,stevenbranch@example.com,796.489.7451,625 Frazier Islands Apt. 508,Kimberlyfurt,Aruba,56967,False
7560,Darren Williams,elizabeththompson@example.net,001-523-581-5439x8702,996 Grace Isle,Alexandratown,Barbados,19395,False
3406,Jessica Ware,tammyjacobs@example.net,+1-732-907-4618x93556,2841 Jessica Dale,Johnsonton,Iceland,11352,False
5770,Rose Nichols,nlawrence@example.org,+1-740-829-9366x489,6967 Howell Forest Suite 805,Port Michaelville,Christmas Island,30562,False
2724,Susan Collins,williamsjack@example.com,+1-316-620-9464x2301,491 Lewis Glens Apt. 180,Port Jamesberg,United Kingdom,78648,True
1021,Jesus Hernandez,christine15@example.com,9849340833,5843 Mark Path,Port John,Gabon,30381,False
4385,Christopher Foster,angela87@example.net,769-377-8133x22754,57025 Patrick Crossroad,North Isabelborough,Bulgaria,92397,False
9369,Lynn Nelson,donovanbrandon@example.org,980.418.2527x7344,66992 Schmidt Falls Apt. 409,Port Michele,Holy See (Vatican City State),69308,True
3398,Michele Moore,brandonwells@example.net,339.550.5541x68268,18213 Sutton Heights Suite 452,East Gregton,Senegal,32757,False
2888,Bethany Lewis,kkoch@example.net,+1-726-534-6297,74327 Scott Flats Suite 201,Keithstad,Finland,90309,False
7995,Gina Harrell,denise52@example.net,843.951.4680x93203,80792 Sosa Parks,Carrollton,Lesotho,48672,False
7408,Terri Hunt,wayneowens@example.net,+1-913-873-1671x4933,954 Raymond Burgs Suite 787,New Michaelfurt,Faroe Islands,38760,False
7112,Carl Suarez,andrewslarry@example.net,(512)469-3511x49838,2855 Beck Dale Suite 456,Fernandezborough,Bermuda,15100,True
3025,Jamie Browning,valdezjohn@example.org,+1-295-922-6889x9944,4490 Ashley Roads Apt. 448,Port Taylorton,Equatorial Guinea,70791,False
7970,Arthur Coffey,jasonlucas@example.net,967.735.5767x64271,770 Harris Park Apt. 293,Lisafort,Tajikistan,76729,False
4972,Heather Parker MD,pward@example.org,8899325163,665 Villanueva Hills,North Calvinshire,Bahrain,17774,False
5300,Brandon Phillips,jacobsdeborah@example.org,549.646.5840x96518,517 Hannah Greens,Micheleborough,Iraq,66523,True
6204,Michael Torres,michaeldoyle@example.org,001-626-864-6771x9224,89439 Melanie Lane,Michaelfort,Korea,17375,False
4665,Isaac Miller,zhoffman@example.org,001-728-650-7822x14432,44150 Anthony Valleys,Rebeccaburgh,Indonesia,09196,False
1512,Julie Mclaughlin,donald94@example.net,465.321.7423,91766 Rachel Parkways Suite 481,West Parker,Slovenia,35684,False
9592,Brian Ball,paulford@example.org,(924)213-2112,1861 Erik Mountain,Port Kristen,Saudi Arabia,85087,False
1442,Chad Phillips,brenda85@example.org,(773)769-3789,22191 Crawford Ports Suite 784,South Rebecca,Gambia,74244,False
1813,Melissa Johnson,quinnadam@example.org,+1-222-857-2110x9092,6118 Alyssa Valleys,Wallacechester,South Georgia and the South Sandwich Islands,35005,True
4868,Donna Bass,kimberly16@example.net,8997571850,467 Graves Crest Apt. 187,Smithton,Cote d'Ivoire,22739,True
2050,Cheryl English,fhughes@example.com,+1-811-989-8597,19148 Brandon Via Suite 706,Port Danielleberg,Spain,79036,False
1151,Hannah Ware,kimberly58@example.net,001-491-781-5950x43376,78923 Sara Roads,South Fernando,Iceland,33373,True
2319,Alexandria Phillips,lmartin@example.net,642.282.4969x6331,0551 Brittany Groves,West Gloriahaven,Brazil,49399,True
2471,Kevin Jackson,tjohnson@example.org,737-657-4726x221,06132 Joanne Manors Suite 266,Joannmouth,Palestinian Territory,90785,False
9632,Amy Payne,brandon97@example.net,001-254-913-0862x797,991 Anthony Avenue Suite 168,Patrickbury,Uzbekistan,10761,False
9351,Samuel Moran MD,jeanette05@example.org,906.428.8561x44970,201 William Curve Suite 039,North Thomasport,Yemen,25681,True
2333,Jon Barnett,annettemartinez@example.net,864.893.9322,181 Johnson Pike,Robertmouth,Benin,30589,False
3819,Hannah Norman,kkelly@example.net,973.759.2915x7124,931 Ramos Mills Suite 744,Lake William,Antarctica (the territory South of 60 deg S),68791,True
6493,Melissa Manning,robbinsjustin@example.net,502.701.6040x9586,56437 Roger Fall Suite 718,Port Patriciaburgh,Samoa,42317,False
4304,Donna Brown,hernandezbrittany@example.org,+1-202-605-2745x9056,10792 Corey Mews,New Michael,Netherlands,98012,True
9332,Deborah Murray,lori95@example.net,001-341-381-5398x5429,960 Schmidt Spring,Harrisville,Congo,45676,True
9596,Anne Brown,johnsonkatie@example.net,(721)224-8096,94565 Beth Field,South Earlport,Singapore,76811,True
6535,Bethany Berg,hsmith@example.net,845.936.3377x760,527 Christina Branch Apt. 843,New Amber,Iran,86567,True
5826,Carly Zavala,sanchezwesley@example.org,(767)558-2806x890,80869 Mora Burgs,Haileyshire,Estonia,63961,True
5882,Jennifer Calderon,melissa59@example.org,6403931359,67657 Christopher Green Suite 275,West Elizabeth,South Georgia and the South Sandwich Islands,74144,True
1502,Gloria Jenkins,salinasnathaniel@example.com,762-622-2372,72946 Ryan Shoals,North Adamberg,Mozambique,39578,False
2910,Cynthia Lee,lynchcalvin@example.org,806.606.9115,9451 Jones Loaf Suite 963,Dianastad,Kyrgyz Republic,03310,False
7691,Crystal Bradley,john42@example.net,338-303-4037,483 Smith Shore,North Stacieburgh,Netherlands,76495,False
9388,Logan Reed,paynemichael@example.net,(216)797-1665x070,78153 Golden Roads Apt. 486,New Lindafort,Netherlands,77411,False
6082,Charles Taylor,vjacobs@example.com,+1-481-670-3474x524,079 Juan Flat,Christopherstad,Vanuatu,70439,True
9327,Zachary Mccall,ronald47@example.net,3458045017,0732 Noble Course,Port Jessicaland,Gambia,50822,True
5726,Lisa Rocha,dianawilliams@example.com,716-416-1992x92470,1279 Melissa Pines,West Lisatown,Tanzania,84077,True
5226,Rachel Johnson,kevin83@example.org,+1-679-606-3525x49621,943 Thomas Manors Suite 440,North Michael,Ukraine,24083,False
5681,Gary Valdez,jason11@example.com,4292632403,77957 Clark Ports,Jeffmouth,North Macedonia,13890,False
1029,Jennifer Walker,mpatrick@example.net,5929609035,241 Joe Turnpike,Kylestad,Cayman Islands,18190,False
9645,Devin Alexander,tylermartin@example.net,4455871411,601 Deborah Stravenue Suite 555,Harperview,New Zealand,62143,False
2834,Cory Garcia,april83@example.org,419-322-1061x273,07449 Jorge Landing,Port Samuelshire,Slovakia (Slovak Republic),00793,False
3576,Jerry Kelley,parrishpeter@example.net,793-247-1671,9229 Fleming Groves,Waltonmouth,Montenegro,70272,True
2100,Keith Carter,camposjames@example.com,827-685-9656x65939,0533 Smith Forest Suite 700,Greenchester,Vanuatu,29058,False
9615,Gloria Blevins,whiteedwin@example.net,001-211-969-6740x21034,05787 Tyler Centers,Romeromouth,Mongolia,55531,False
5875,Thomas Martinez,scottcheryl@example.org,660.375.5813,31735 Dixon Glens,New Laura,Albania,89912,False
9714,Melissa Miranda,crosbyellen@example.com,2103399030,55101 Joshua Row Apt. 811,New Sandratown,Brunei Darussalam,79017,False
3256,Kenneth Meza,victoriastevenson@example.org,5539407942,0250 Erica Island,Roseberg,Azerbaijan,21881,True
7508,Ralph Johnson,odonnellangela@example.com,(236)624-4158,50304 Williams Meadow Suite 113,North Nathanielfurt,Falkland Islands (Malvinas),56897,False
3403,Keith Rodriguez,biancagonzalez@example.org,347-972-8724,59534 Brandi Pass Suite 952,Brendaview,New Zealand,11219,False
2031,Melissa James,ronaldjohnston@example.com,735-958-1245,5797 Nathan Rapids Apt. 355,Stevensville,Taiwan,36933,False
1883,Gina Romero,robertfreeman@example.net,942-352-5211x4010,22074 Rocha Estates Suite 430,Alexiston,Qatar,69512,True
3728,William Dixon,pscott@example.net,001-850-493-5987x0523,30230 Darrell Valley,Gibsonmouth,Eritrea,52064,False
9378,Harold Williams,ywells@example.com,+1-580-760-1942,83418 Chavez Points Suite 489,North Morgan,Hong Kong,12597,False
6246,Lee Johnson,webbdavid@example.com,9814014755,225 Holt Island Suite 690,West Jonathanside,Congo,00533,False
9807,Kimberly Hart,hernandezdaniel@example.com,329-607-6998,68618 Osborne Parkways,Seanview,Bhutan,10180,False
9348,Julie Henderson,zreynolds@example.com,9103136741,21631 Jamie Orchard,New Stevenport,Palau,02286,False
2928,Gina Williams,alexander54@example.net,001-672-914-7710x420,549 David Mission Apt. 995,Lake Peterfort,Azerbaijan,08781,False
7486,Kevin Braun,carmenstewart@example.net,+1-454-829-7677x9783,855 Robert Spur,Joseburgh,British Indian Ocean Territory (Chagos Archipelago),29606,True
7779,Paula Ramirez,andrewsaaron@example.org,001-849-652-0292x1218,253 Luke Square Apt. 028,Thomasfort,Nauru,23571,False
4610,Tony Garcia,erich@example.org,+1-842-984-6244,33434 Monica Forest Suite 303,Wrightside,Macao,18018,False
3149,Veronica Stewart,jphelps@example.net,(386)396-2719,42122 Thompson Turnpike Apt. 299,Danielfort,Nepal,67504,False
9001,Miguel Hughes,kristy57@example.com,+1-564-500-7907x2146,7028 Brittany Cliffs Suite 125,Port Zachary,Chile,68321,False
7873,Tammie Baker,pagetimothy@example.org,001-769-359-2540x493,4564 Kane Cape Suite 111,Christopherside,Israel,26844,False
8562,Kenneth Smith,amanda91@example.net,664.902.3198,33995 Bailey Ford,Karishire,British Indian Ocean Territory (Chagos Archipelago),85511,False
8284,Jorge Price,sarah69@example.com,844-840-8540x294,847 Dustin Manors,South Brandon,Peru,65545,False
2975,Charles Prince,porterbeverly@example.com,(352)272-5994x15621,21859 Allen Meadows,South Abigailview,Bouvet Island (Bouvetoya),18657,False
4242,Robin Manning,justin20@example.org,4458662134,5272 Abbott Ridges,Karenton,Montenegro,87731,False
1343,Kimberly Jackson,yyoung@example.org,524.563.3832,0943 Mccormick Heights,Jerryport,Central African Republic,15373,False
7087,Hannah Berry,sodom@example.org,606-690-2945,795 Michael Village Apt. 286,Karenmouth,Vietnam,01632,True
6630,Alex Cobb,howelljohn@example.com,577-276-5381x49885,841 Brittany Land,New Timothymouth,Luxembourg,57206,False
9523,Anna Guzman,armstrongashley@example.com,848-959-7139,94397 Patricia Mountain,Hartside,Cyprus,42051,False
5789,Christina Garcia,hector05@example.com,(783)766-3829,14511 Stephanie Vista,Thompsonside,Denmark,61980,False
1584,Albert Davila,donna23@example.com,916-433-2147x149,0853 Cook River,Richardshire,Portugal,84541,False
3584,Juan Wilson,gjohnson@example.net,556-988-4853x126,0317 Flores Bypass,South Jeromeborough,Liechtenstein,94756,False
4677,Michael Crawford,rhonda15@example.net,(436)217-1731,13138 Nicholas Oval,Garciaburgh,Bermuda,52746,True
9796,Erica Mitchell,hannah92@example.com,828-821-2195x0973,2610 James Dam Apt. 650,Donnafurt,British Virgin Islands,76125,False
9984,Kathleen Phillips,travis51@example.org,832.533.9478x2315,07726 Villegas Rue,Scottton,Cook Islands,02121,True
1158,Paula Anderson,mitchellcarlos@example.com,8207751780,3109 Rodriguez Cliff,Arellanoberg,Central African Republic,93946,False
2494,Jennifer Jackson,emartinez@example.net,+1-458-700-3637x9524,25926 Lindsey Isle,East Kyleside,Maldives,79279,True
1524,Sarah Anderson,andrewsrachel@example.net,245-550-5762,9477 Sullivan Expressway Apt. 864,Trujillomouth,Pakistan,39855,True
9610,Matthew Parsons,jacquelinepeterson@example.com,+1-358-441-5561,059 Michael Parks,Bakerville,Slovakia (Slovak Republic),26011,False
7422,Catherine Smith,gerald82@example.com,843-528-1049,606 Sarah Viaduct Apt. 586,Robbinsfurt,Ukraine,49645,True
6067,Ashley Russell,agray@example.com,286.809.0781x253,0787 Brooke Pine Apt. 937,South Todd,Swaziland,17280,False
6274,David Bell,peterclark@example.net,001-418-928-8894x17453,40485 Preston Springs Apt. 959,East Rachelside,Hungary,30157,False
3003,Brad Taylor,tamara43@example.org,436.809.4386x26592,327 Garcia Union Suite 405,Sotostad,Reunion,51863,True
2764,Brittany Evans,ykirk@example.org,(725)589-2942,717 David Trail,Amberland,Namibia,80514,False
4885,Lee Bell,joneschristopher@example.org,545-365-7402,6602 Mclaughlin Burgs,East Brittanyberg,Niger,76550,False
2863,Zachary Delgado,sarah56@example.net,001-316-910-1138x42456,0047 Jessica Mission Suite 452,New Matthew,Nauru,31686,False
4981,George Baldwin,nixonjoseph@example.org,5949697177,53626 Owens Crossroad Apt. 504,East Jessica,Solomon Islands,21432,False
4569,Alexander Carter,bradley13@example.org,778-439-4050x5513,625 Vincent Locks Apt. 214,East Bryan,Guinea-Bissau,56849,False
4433,Christina Peterson,hodgestephanie@example.net,6118505287,3284 Linda Trace,New Jessica,Uzbekistan,25064,False
7245,Ryan Rodgers,dylan05@example.org,(834)644-2326x87848,678 Sandra Fall,Janiceburgh,Northern Mariana Islands,32090,False
7755,David Johnson,thomaspaula@example.org,874.986.9517x253,3954 William Springs,New Kenneth,Azerbaijan,41926,False
5411,Jennifer Benson,owensstephanie@example.com,(664)986-9764,1721 Patel Summit Suite 296,Ronaldview,Northern Mariana Islands,73635,False
9033,Karen Cisneros,pjensen@example.org,(646)696-4137x993,107 Thomas Lights,Coopermouth,Angola,92285,False
3111,Zachary Doyle,chambersstacey@example.org,(890)679-8150x69557,29642 Melissa Vista Suite 928,Curtisborough,Thailand,41307,False
1199,Kelsey Werner,randybraun@example.net,001-898-514-7250x3349,078 Leslie Locks Suite 021,South Jillianmouth,South Africa,48886,True
9658,Jennifer Henry,iblanchard@example.net,+1-812-676-0610x375,24559 Carr Rapid,Davidton,Nigeria,71084,True
5633,Caitlin Wright,melissayoung@example.net,001-640-343-7503x54402,9248 Jermaine Isle,Mckenzieport,Yemen,64476,False
4634,Charlene Lewis,igarcia@example.org,+1-768-342-4307x39860,97816 Humphrey Junction,Port Jonathanport,Sweden,53134,True
6509,James Graham,wisechristopher@example.net,975.908.5615x4932,3525 Danielle Mission,New Roberthaven,Madagascar,76065,False
4450,Gabriel Francis,jane53@example.net,001-682-402-2647x251,7755 Stacy Union Apt. 927,North Sarahstad,Senegal,76182,False
1812,Judy Fox,ryanyork@example.net,(267)263-4498x49069,18873 Charles Bridge Suite 401,Webbton,Egypt,43390,False
1495,Elizabeth Murray,richardsthomas@example.com,296-319-5383x7324,38632 Boyle Curve Apt. 990,Austinchester,Luxembourg,16263,False
4759,Christopher Herrera,michelle82@example.org,001-322-919-9060x540,86454 Garrett Landing,South Wayneburgh,Cape Verde,99044,True
7062,Jimmy Carr,jeremyowens@example.com,8013339590,82061 Mark Corner Apt. 084,East Benjamin,Canada,87217,False
7660,Steven Ramirez DDS,imcbride@example.org,001-535-377-2452x496,4559 Laura Meadows Suite 529,Levineberg,Samoa,33066,False
7871,Charles Khan,dayrichard@example.net,001-685-788-3179x2492,195 Dustin Rue,Kristinahaven,Ireland,37700,False
5132,Chelsea Smith,ujohns@example.net,(568)962-6665x532,22090 Martin Dam,Christopherburgh,Pakistan,29109,False
5669,Stephanie Rodriguez,robertsgail@example.net,638.742.6461x41004,491 Rebecca Bypass Apt. 860,West Charlesmouth,United States of America,63199,True
1145,Lauren Terry,leedanielle@example.org,(263)903-9552,233 Marks Circle,Fuentesborough,Bulgaria,39280,True
5110,Carolyn Brandt,dfoster@example.net,8692427252,88213 Robin Avenue,West Connie,Togo,95656,False
4321,Ray Johnson,robertfrench@example.org,317-728-1058x88047,160 Rachel Landing,Bryanfurt,Kyrgyz Republic,79105,True
2395,Justin Schmidt,igalvan@example.org,406-680-0571,0234 Dawn Island,Hudsonberg,Turkey,36180,True
7328,Brendan Cuevas,samantha93@example.org,706.806.4096x47820,589 Eduardo Expressway Apt. 546,West Ronaldshire,Sudan,77739,True
8433,Erica Chen,kevincampbell@example.org,247.295.5334x6832,45061 Matthews Ridge Apt. 716,Fischermouth,Venezuela,68818,False
9179,Erika Decker,brianli@example.org,(225)201-4181,71356 Carson Trail Apt. 247,Tinastad,Hong Kong,16540,True
1484,James Cross,dfoley@example.org,768-371-4495x51486,246 Russell Loaf Suite 204,Websterville,French Polynesia,96626,False
7415,Betty Bowers,iryan@example.org,(455)544-3140,27602 Dawson Hill,Melissahaven,Saint Vincent and the Grenadines,43809,False
1832,Sarah Petersen,rgonzalez@example.org,(284)946-3246x618,72064 Kirk Roads Suite 379,Alexandraberg,Oman,23417,True
2688,Kristy Harrell,gregorybrewer@example.net,+1-727-467-5850x07607,607 Shawn Ford Apt. 880,Lopezton,Albania,26583,True
6938,Tina Herrera,zsmith@example.com,001-566-710-2946,236 Brian Lock,Port Peter,Yemen,77234,False
8254,Kevin Gonzalez,maryallen@example.org,451.361.1583,6657 Melissa Hills,Joneston,British Indian Ocean Territory (Chagos Archipelago),99435,False
4838,Raymond Rodriguez,qsmith@example.com,(471)939-3452x32936,98953 Leslie Island,Myersberg,Iraq,93986,False
8184,Stephanie Bryant,fhansen@example.com,3654682157,7933 George Ranch,Vanessashire,Botswana,54117,True
1825,Timothy Flores,morrowvanessa@example.net,563.342.9429,91454 Teresa Canyon,Lopezton,Botswana,01573,False
8120,Renee Burns,waltersjames@example.org,256.290.9533,0279 Rodgers Summit,Allisontown,Guinea-Bissau,35675,False
9683,Glenn Brooks,mcdonaldtina@example.com,001-367-406-3382x995,4788 Hanson Square,Port Jessicashire,Indonesia,10224,False
1049,Heidi Oliver,gomezcharles@example.org,477-300-4980,4828 Hatfield Lights,South Douglas,Mayotte,27080,True
2468,Jeffrey Jones,daniel60@example.com,+1-445-325-8928,1341 Fisher Greens,Cruzstad,Ethiopia,27089,True
8927,Clifford Kelley,gallagherelizabeth@example.net,+1-781-550-3531x6578,26345 Chris Port,Lake Markfort,Montenegro,36495,False
6342,Allen Clark,joneskristin@example.net,001-207-623-6156x211,62618 Garrett Greens,Liberg,Sao Tome and Principe,50866,False
6637,Anthony Knight,abryant@example.org,774.564.2882,16508 Kimberly Road,Valenzuelaville,Denmark,05136,False
2262,Virginia Murray,kristen53@example.com,526.915.7880,754 Garza Road Suite 133,West Margarettown,Slovakia (Slovak Republic),00609,True
9048,Christopher Meza,murphykimberly@example.com,(825)909-4298x240,2446 Garza Fort Apt. 889,Snydermouth,Palestinian Territory,89529,True
2182,Diana Estrada,gutierrezkim@example.org,3707171266,5573 Martinez Roads,Walkermouth,Moldova,44988,False
4344,Melanie Franco,sreynolds@example.net,557.274.0691,238 Shane Mountain Suite 789,Estesview,Bangladesh,36516,True
4272,Ashley Martin,xhernandez@example.com,+1-646-213-5514x319,012 Brent Trafficway,Ruizstad,Turks and Caicos Islands,55166,False
1163,Scott Torres,veronica62@example.net,+1-445-323-0077x553,659 Gonzales Haven,Dennisport,South Africa,76331,True
9016,Linda Marshall,williamandrade@example.org,001-439-384-9400,15924 Lopez Square Suite 653,Port Rachel,Libyan Arab Jamahiriya,43090,False
9155,Tiffany Davis,meyereric@example.org,001-828-873-0275x75560,30079 Scott Circle Apt. 423,Lukechester,Mali,90741,False
3726,Miranda Morris,mosesalex@example.org,+1-855-589-3520x94061,14294 John Junction Suite 084,Holtport,Tonga,68130,False
2877,Phillip Jackson,elaine47@example.com,+1-311-518-8348x61444,58844 William Stravenue Suite 335,Edwinside,Guyana,28156,False
2506,Teresa Robinson,walterssteve@example.net,9246703920,9503 Nathan Lodge,South Rachel,Uzbekistan,98779,False
3046,Karen Brown,mclaughlinanthony@example.net,001-410-202-6169x790,7425 Shelby Rapid Apt. 549,Derekbury,Zimbabwe,91794,False
4158,Jason Lewis,lwilson@example.com,+1-929-544-9150x52839,1157 Hall Trail Apt. 345,Port Victor,Puerto Rico,21806,True
5086,Allison Palmer,djenkins@example.net,(870)650-2091,8801 Jones Skyway Suite 227,New Shelley,Madagascar,72299,False
6958,Raymond Jacobson,emilybrown@example.com,626.912.6037x2473,253 Patterson Harbors Suite 536,Samanthastad,Papua New Guinea,10660,True
9992,Jesus Jacobson,michael82@example.net,(447)220-0703,49088 Anthony Court Suite 970,Daviston,Singapore,16353,False
2344,Lindsay Williams,amandacoleman@example.net,644-999-0745x93049,10559 Walker Creek,North Kelly,Nepal,16309,False
7968,Tanya Mitchell,lhuerta@example.net,593-541-5373,7639 Young Locks,West Kenneth,Kenya,17265,True
3205,Valerie Nguyen,ataylor@example.com,688.696.6848x07845,6590 Johnny Route,Port Derrick,Trinidad and Tobago,63444,True
8637,Jennifer Holloway,dawn30@example.com,+1-910-525-7379x755,90267 Melanie Lodge,Gilberthaven,Tonga,92064,False
3828,Frank Santiago,ambersuarez@example.com,792-305-8680,82676 Rhonda Way Apt. 178,South Christopher,Ethiopia,46311,False
6708,Christopher Taylor,erikacross@example.org,934.865.8271x5863,9341 Sharon Point,Kleinview,Botswana,50469,False
6137,James Gill,kimberly51@example.net,(373)679-8784,633 William Heights Suite 026,Hillton,Zambia,94595,True
4434,Margaret Robbins,mpatel@example.net,001-984-911-4415,86582 Christy Flat,East Jacobburgh,Pakistan,60285,False
5064,Olivia Summers,brandy06@example.net,(227)520-8903x74233,510 John Hollow Apt. 167,South Joshuachester,Monaco,21990,False
1675,Jeffrey Dalton,wflores@example.org,(466)733-6088,3897 Travis Squares,East Lisashire,Libyan Arab Jamahiriya,44546,False
6121,Michelle Chang,monica68@example.com,001-344-818-5331x501,2730 Krista Spurs Suite 457,Robertside,Germany,84815,True
1153,Rachel Johnson,dawnyoung@example.com,(433)510-3256x46793,41620 James Tunnel,Kristinaborough,Jersey,23089,False
4188,Craig James,lindabennett@example.com,240.365.2161x9652,68952 Linda Island Apt. 109,Christopherland,Bermuda,02720,False
7497,William Stafford,curryjessica@example.net,666.865.0592x69238,0355 Coleman Turnpike Apt. 545,New Charlesfurt,Norfolk Island,02057,False
2639,Jasmine Jenkins,thompsonbrooke@example.net,+1-848-960-9198x96407,889 Bobby Skyway Suite 318,West Ryanland,Bhutan,87616,False
9425,Timothy Vargas,xfaulkner@example.com,001-506-483-5490x33967,5187 Thomas Center Suite 015,Jonestown,Switzerland,78331,False
4378,Lauren Walker,isabelhorn@example.org,(385)487-1651x723,5910 Frederick Avenue,Stephaniechester,Guyana,76415,False
4624,Stephanie Hendricks,edwardschristine@example.org,890.550.6006x0161,6253 Nancy Keys Suite 099,Loritown,Barbados,32980,False
4898,Jessica Ford,randy10@example.org,926-439-7736x876,902 Renee Village Suite 274,Calderonside,Bosnia and Herzegovina,97486,False
2470,Thomas Michael,adam65@example.com,698.343.9598x279,4161 Peter Fort Suite 863,Danielleberg,Gibraltar,14424,False
7403,Rita Terrell,cookdouglas@example.net,829.374.2507x4122,787 Osborn Cove,Hernandezmouth,Ghana,99460,False
8907,Cameron Johnson,cbailey@example.org,824-542-3195,782 Susan Tunnel,Port John,Mauritius,84672,False
4650,Joshua Ross,mcdonaldjoseph@example.com,(529)894-3200,08529 Wood Keys,Gomezstad,Isle of Man,52652,True
4996,Jennifer Marquez,james13@example.com,990.446.2357x085,4024 Daniel Spurs Suite 600,New Devin,South Africa,96534,False
2033,Daniel Watkins,john26@example.com,6136581656,4669 Lawrence Fields Apt. 932,West Peter,Czech Republic,68078,False
6132,James Hernandez,anthony12@example.com,(562)345-1289,718 Johnson Mall,Kathleenton,Taiwan,49337,False
2726,Lisa Johnson,mcmillankimberly@example.com,907-719-0187x290,8165 Shannon Knoll,North Amy,Taiwan,55369,False
8198,Shawn Shepard,michael20@example.com,+1-604-420-7249x859,68760 Haley Forks Apt. 332,New Melissaport,Philippines,67747,False
2548,Kerri Reynolds,eanderson@example.org,001-477-634-9759x608,81918 Michael River Apt. 543,Castilloberg,Maldives,38548,False
4519,Lindsey Smith,maryhernandez@example.net,+1-613-688-9643x2429,710 Levy Ways,Nicholastown,Sudan,48789,False
3436,Jay Hernandez Jr.,riosjoseph@example.net,(886)465-0414x459,194 Melissa Drive Suite 996,Trevorbury,Iceland,46162,False
3416,Rebecca Harper,huntercaldwell@example.com,001-733-224-4624,6776 Daniel Square,East Donnaton,Guadeloupe,15874,False
1223,Kelsey Fernandez,angelasmith@example.com,799.960.7205,9646 Jason Rapids,South Cindyshire,Turkey,92734,False
6138,Christopher York,jonesmichael@example.com,+1-443-630-3212x866,248 Kimberly Plaza,New Kimberly,Malta,92425,True
3617,Steven Jenkins,soneal@example.org,001-744-934-5165x271,8379 Watts Vista,New Yesenia,Falkland Islands (Malvinas),18916,False
2292,Jeffrey Collins,joan28@example.org,467.412.5754x4466,158 Robert Burgs Suite 564,Karenfurt,Costa Rica,13802,False
7965,Kayla Walker,omar58@example.net,860-437-6008x397,790 Kline Ways Apt. 297,Lake Michellefort,Jordan,87269,True
9305,Ashley Sutton,nelsonshannon@example.org,+1-463-432-1986x0305,53118 Diana Common,North Patrick,United Arab Emirates,04684,True
8335,Joshua Edwards,nathanbrady@example.com,+1-655-876-1994x9501,58417 Jones Loaf,North Brandonmouth,Finland,06005,False
5506,Margaret Costa,robertbender@example.net,884.314.5614,0840 Danielle Port Suite 328,Jessehaven,Vietnam,62059,False
7312,John Tucker,sarahgoodman@example.org,+1-590-806-5131,133 Virginia Lights Suite 665,Zacharyshire,Pakistan,57079,False
3577,Erica Richardson,keithkeller@example.com,001-226-770-8255x16297,37059 Gonzalez Mission Suite 995,Whiteview,Palau,40685,False
5458,Michele Hendricks,roberthenry@example.org,487-600-9141x8381,08258 Sean Circles,New Antonio,North Macedonia,71207,False
4630,Chris Walters,tiffanythomas@example.org,715-214-8253x0266,193 Donna Forest Apt. 531,East Sarah,Armenia,55407,False
3496,Angela Snyder,susan12@example.com,828.447.6780,7131 Drew Dam Suite 217,East Vanessaton,Gambia,91123,True
6548,Mark Yang,parkerjill@example.com,491-694-4464x019,75583 Richardson Forest,Denisefurt,Sierra Leone,02588,True
2946,April Hale,william57@example.net,(806)210-2049x70499,078 Stephanie Mount,East Jeremy,Mauritania,76985,True
1521,Kimberly Hunter,amy81@example.org,+1-573-362-3643x332,405 Brady Branch,Lauraville,Macao,29149,True
4444,Lisa Howard,charleslarson@example.com,(518)268-5657x2756,466 Cook Loop,New Pamela,El Salvador,25430,False
1110,Ian Park,yowens@example.net,818.398.8387,0437 Downs Plaza,West Sherylstad,Gambia,24963,True
4669,Hannah Patrick,chenkirk@example.org,347.430.7815,03807 Andrea Summit Suite 004,West Jordan,Dominican Republic,29282,True
4918,Karen Harris,jackstevens@example.org,+1-920-897-7563x5833,10340 Martinez Street Apt. 559,New Matthewstad,Saudi Arabia,86333,False
7714,Michael Mcneil,bentonmaria@example.org,309-776-6700x4948,2620 Davis Estates Apt. 055,North Hannahville,Comoros,62840,True
8443,Alyssa Arnold,joyceryan@example.com,001-677-296-1752,97460 John View,North Rodney,Somalia,95352,False
9999,Dr. Tracey Salinas DDS,phillipsmichelle@example.net,(811)280-4544x181,12371 William Plaza,Reedview,Kiribati,16839,True
1587,Kimberly Shaw,sarahatkins@example.net,505.529.9657,200 Mark Shoals Suite 896,New Jeffery,Eritrea,26459,True
8557,Suzanne Grant,ypatel@example.org,729.370.0875x549,3245 Alexander Ports Suite 118,Harrisonberg,Cocos (Keeling) Islands,69744,False
6833,Marvin Bowen,dannythompson@example.org,(334)833-1555x45434,1921 Jasmine Forks Suite 654,Tylerville,New Zealand,58035,False
6273,Michael Beck,darren29@example.net,613-851-3625x117,053 Patrick Pass Apt. 138,Janiceberg,North Macedonia,64922,False
4300,Henry Berry,garciaedward@example.org,(943)868-1263x885,749 Hunter Coves Suite 979,New Mariatown,Tuvalu,65600,False
4686,David Chapman,jacqueline16@example.com,736-582-8187,204 Wu Tunnel Suite 151,North Frank,New Zealand,22709,True
5208,Steven Jordan,richardsonapril@example.org,(512)680-9031x872,5075 Carr Roads Apt. 769,Port Paulstad,Albania,37559,False
7678,Edward Barker,ryan49@example.com,611-933-5693x1840,36030 Allen Stream Suite 551,Kelleyhaven,Monaco,59327,True
3854,Ryan Maynard,lori36@example.com,001-545-773-2109x8352,931 Jeff Rue,Jacobfurt,Saint Martin,00855,False
8573,Sara Hensley,thompsonrobert@example.org,262-431-1181,274 Mills Village Suite 626,Kennethhaven,Bhutan,50102,False
